model,test_accuracy,macro_f1,macro_precision,macro_recall
baseline_cnn,0.6194,0.5921,0.623,0.5986
improved_cnn,0.7043,0.7023,0.7095,0.7006
<<<<<<< HEAD
resnet50,0.9580645161290322,0.9565845402196864,0.9568224374106726,0.9569388526329833
efficientnet_b3,0.9602150537634409,0.95941354603815,0.9592343426625627,0.9601490488754753
=======
baseline_cnn,0.6194,0.5921,0.623,0.5986
improved_cnn,0.7043,0.7023,0.7095,0.7006
>>>>>>> origin/main
