{
  "train_loss": [
    1.3231598570991236,
    0.894659283346858,
    0.6308149222041038,
    0.3919981029445947,
    0.23880711526687243,
    0.1721663104614617,
    0.08627183804626148,
    0.04350865297632592,
    0.018264897383998183
  ],
  "val_loss": [
    1.0640676168971361,
    1.0255744144352812,
    1.0582227722424489,
    1.0952592495982403,
    1.2052185082901068,
    1.4089127294153556,
    1.3793240784305814,
    1.5427408567478238,
    1.7241758658932502
  ],
  "train_acc": [
    0.49698655540101994,
    0.6719981455725544,
    0.775150672229949,
    0.866481223922114,
    0.9267501159017153,
    0.9448307834955957,
    0.9765878535002318,
    0.9888734353268428,
    0.9944367176634215
  ],
  "val_acc": [
    0.5759219088937093,
    0.6247288503253796,
    0.6366594360086768,
    0.6648590021691974,
    0.6681127982646421,
    0.6572668112798264,
    0.6713665943600867,
    0.6605206073752712,
    0.6746203904555315
  ]
}