{
  "train_loss": [
    0.47720987904828954,
    0.40651902325682804,
    0.34566708194419193,
    0.33071089487248234,
    0.30862727020700936,
    0.2846021788591138,
    0.2795427296108596,
    0.24866568844628986,
    0.22876257291534294,
    0.22166501493381027,
    0.2096327584846516,
    0.18965590804276447,
    0.18457621060342883,
    0.17316353589807554,
    0.16099634181792724,
    0.16686286528905234,
    0.1534655762108377,
    0.1359496900935277,
    0.1453089925927258,
    0.13497036126928855
  ],
  "val_loss": [
    0.30735389018782827,
    0.26227301174932344,
    0.25602361550170794,
    0.24152953315065637,
    0.23556071671772416,
    0.22489088426249146,
    0.2053954856967202,
    0.21632985348879902,
    0.19747253175251137,
    0.20589475553490852,
    0.1925301485959594,
    0.19866288595564194,
    0.1861621981765469,
    0.19380720190849324,
    0.19196610151105228,
    0.19107053167067484,
    0.18787977789526647,
    0.18667478798009826,
    0.17519576948564378,
    0.18400996693545335
  ],
  "train_acc": [
    0.8291608715808994,
    0.8546592489568846,
    0.8799258229021789,
    0.8796940194714882,
    0.8961520630505332,
    0.8989337042188225,
    0.8989337042188225,
    0.9114510894761243,
    0.9188687992582291,
    0.9223458507185907,
    0.9265183124710246,
    0.9341678256838202,
    0.9346314325452016,
    0.9383402874362541,
    0.9443671766342142,
    0.9415855354659249,
    0.9448307834955957,
    0.951784886416319,
    0.942512749188688,
    0.949698655540102
  ],
  "val_acc": [
    0.8926247288503254,
    0.9078091106290672,
    0.913232104121475,
    0.9229934924078091,
    0.920824295010846,
    0.9251626898047722,
    0.9327548806941431,
    0.9295010845986985,
    0.9338394793926247,
    0.9316702819956616,
    0.940347071583514,
    0.9327548806941431,
    0.940347071583514,
    0.9338394793926247,
    0.9436008676789588,
    0.9338394793926247,
    0.938177874186551,
    0.9360086767895879,
    0.9468546637744034,
    0.9414316702819957
  ]
}