{
  "train_loss": [
    0.9623105223111439,
    0.6693403484039855,
    0.591501092117696,
    0.5712641106748337,
    0.5316515377289618
  ],
  "val_loss": [
    0.6270859478094055,
    0.4954823591703965,
    0.4417934374411039,
    0.43118338328897304,
    0.3901871282469942
  ],
  "train_acc": [
    0.6926286509040334,
    0.7760778859527121,
    0.7955493741307371,
    0.7978674084376449,
    0.8173388966156699
  ],
  "val_acc": [
    0.8329718004338394,
    0.8481561822125814,
    0.8611713665943601,
    0.8590021691973969,
    0.8709327548806941
  ]
}