{
  "train_loss": [
    1.9735368174096197,
    1.3126197387954401,
    1.2502027309543289,
    1.230460443870304,
    1.2068391926707522,
    1.1788595531845623,
    1.1616108649629213,
    1.1281554975275314,
    1.1250350243193052,
    1.1001094856027878,
    1.1153921206681663,
    1.072608200664812,
    1.0398009068224239,
    1.0430515669648937,
    1.0356146485152264,
    1.016891283462818,
    0.9698724131038137,
    0.9862395484634279,
    1.004410297714785,
    0.9552894778753466,
    0.9661385258370436,
    0.9315748875705965,
    0.8932049515681738,
    0.907026904017272,
    0.9030901431539957
  ],
  "val_loss": [
    1.257064802398392,
    1.2332120506727255,
    1.0759674802002317,
    1.0831156141587297,
    1.1084484755346418,
    1.0518284805943288,
    1.0598584682460461,
    0.9978378099629781,
    1.1003139944759213,
    1.0737386176487886,
    0.9939113808816012,
    1.0046279540289509,
    0.9524618286372782,
    0.9939361161627118,
    0.933527026414354,
    0.9305738840341051,
    0.9114804229095028,
    0.9061618979996042,
    0.891418910078268,
    0.8784167913966479,
    0.9216152436045401,
    0.9461062220844426,
    0.8598793295096937,
    0.8867107642705425,
    0.938147104226069
  ],
  "train_acc": [
    0.3657858136300417,
    0.45827538247566063,
    0.4863235975892443,
    0.5134445989800649,
    0.5208623087621697,
    0.530829856281873,
    0.5458970792767733,
    0.5551692165044043,
    0.5614279091330552,
    0.5713954566527585,
    0.566759388038943,
    0.5846082522021326,
    0.593416782568382,
    0.5980528511821975,
    0.5913305516921651,
    0.6068613815484469,
    0.6353732035234122,
    0.6235512285581827,
    0.6094112192860455,
    0.642790913305517,
    0.6356050069541029,
    0.64371812702828,
    0.6580899397311081,
    0.6617987946221604,
    0.6597125637459434
  ],
  "val_acc": [
    0.4837310195227766,
    0.4891540130151844,
    0.5780911062906724,
    0.5542299349240781,
    0.5607375271149675,
    0.6030368763557483,
    0.5856832971800434,
    0.6160520607375272,
    0.5726681127982647,
    0.5813449023861171,
    0.6279826464208242,
    0.631236442516269,
    0.6301518438177874,
    0.6193058568329718,
    0.658351409978308,
    0.6529284164859002,
    0.6464208242950108,
    0.6616052060737527,
    0.6713665943600867,
    0.6691973969631236,
    0.6431670281995662,
    0.6323210412147505,
    0.6843817787418656,
    0.6746203904555315,
    0.6377440347071583
  ]
}