{
  "train_loss": [
    0.8626160291841752,
    0.5532734767949631,
    0.46329108249494527,
    0.44401012277459456,
    0.4113146814141607
  ],
  "val_loss": [
    0.4828424089125594,
    0.3743843719395536,
    0.3042892838894933,
    0.2742122798964155,
    0.2508355485772362
  ],
  "train_acc": [
    0.7334260547056096,
    0.8129346314325452,
    0.8472415391747797,
    0.8453871117292536,
    0.8606861381548447
  ],
  "val_acc": [
    0.8600867678958786,
    0.8872017353579176,
    0.9078091106290672,
    0.9154013015184381,
    0.9262472885032538
  ]
}