{
  "train_loss": [
    0.29713066725002485,
    0.19195089292508283,
    0.1330451046599798,
    0.10906376170342479,
    0.08346600675982184,
    0.08378759454409032,
    0.06888211723529303,
    0.07108486973968545,
    0.05267886807179224,
    0.05075487063823749,
    0.04696707659058608,
    0.03489384913750556,
    0.04886898522273459,
    0.043964264842720015,
    0.029837052820541405,
    0.02505939036180724,
    0.020684045346077717
  ],
  "val_loss": [
    0.1815878662913068,
    0.16752067794962716,
    0.1295290959760579,
    0.14182632516689778,
    0.12154890282519985,
    0.11912262491243457,
    0.12938651492124234,
    0.13267607868946038,
    0.11036020197345998,
    0.10305262672959337,
    0.12366358976641471,
    0.11935491301119328,
    0.13344598433241217,
    0.11480130266232533,
    0.10671288908333992,
    0.1132788803588009,
    0.12902282170548332
  ],
  "train_acc": [
    0.8963838664812239,
    0.9339360222531293,
    0.9557255447380621,
    0.9631432545201669,
    0.9728789986091794,
    0.9717199814557256,
    0.9796012980992118,
    0.9768196569309225,
    0.9830783495595735,
    0.9819193324061196,
    0.9865554010199351,
    0.9909596662030598,
    0.9830783495595735,
    0.9853963838664812,
    0.9925822902178952,
    0.9902642559109874,
    0.992814093648586
  ],
  "val_acc": [
    0.9273318872017353,
    0.9392624728850325,
    0.9501084598698482,
    0.9501084598698482,
    0.9577006507592191,
    0.96529284164859,
    0.9587852494577006,
    0.9566160520607375,
    0.9663774403470716,
    0.9696312364425163,
    0.9663774403470716,
    0.96529284164859,
    0.9620390455531453,
    0.9663774403470716,
    0.9707158351409978,
    0.9674620390455532,
    0.9674620390455532
  ]
}