{
    "train_loss": [
        1.399122658735301,
        1.2970599821446172,
        1.2402570927977616,
        1.1963929104263384,
        1.1531874810206872,
        1.1301552105347867,
        1.1225825272393437,
        1.0857831219251808,
        1.055272019843454,
        1.0273216543896198,
        1.0292023746681036,
        1.0080648327956998,
        0.9795685601720779,
        0.9717461233842025,
        0.9360220457151304,
        0.9486901051311731,
        0.9353711948551732,
        0.9262248192830499,
        0.8963158827276765,
        0.8832447916808148,
        0.8741969730658392,
        0.845547923126539,
        0.8652997468984619,
        0.8244791583269904,
        0.8223704768376711,
        0.8147404528791616,
        0.8017044036433716,
        0.8303638653562861,
        0.7913923094158765,
        0.7974598765317964
    ],
    "val_loss": [
        1.237707244858566,
        1.2446843820125058,
        1.1654911956662988,
        1.1417101399241714,
        1.0950148718476036,
        1.0374381500831653,
        0.9742571667580181,
        1.0950513241606523,
        0.9990055019322807,
        0.9500511587312578,
        0.9528116890251507,
        0.9612998129747437,
        0.9516024814510552,
        0.9196782073333309,
        0.9437436952766782,
        0.8743183236577247,
        0.9365876765675245,
        0.9000257051947835,
        0.897886542979135,
        0.8825493651460412,
        0.872501041521995,
        0.843402454108323,
        0.86946671115085,
        0.8597952321398026,
        0.8239303955287064,
        0.8277455073116659,
        0.8352154067953859,
        0.8202948187540513,
        0.8274706611147155,
        0.8288127257611901
    ],
    "train_acc": [
        0.3959202596198424,
        0.4566527584608252,
        0.4865554010199351,
        0.5171534538711173,
        0.5275846082522021,
        0.5458970792767733,
        0.5563282336578581,
        0.5718590635141401,
        0.5767269355586463,
        0.5866944830783496,
        0.5973574408901252,
        0.6008344923504868,
        0.6152063050533148,
        0.627260083449235,
        0.6409364858599907,
        0.6300417246175244,
        0.6395456652758461,
        0.6395456652758461,
        0.6548446917014372,
        0.6576263328697265,
        0.6624942049142327,
        0.6747797867408437,
        0.6597125637459434,
        0.6896152063050534,
        0.6798794622160408,
        0.6893834028743625,
        0.6970329160871581,
        0.6789522484932777,
        0.7046824292999536,
        0.7095503013444598
    ],
    "val_acc": [
        0.4750542299349241,
        0.4945770065075922,
        0.5151843817787418,
        0.5433839479392625,
        0.5672451193058569,
        0.586767895878525,
        0.631236442516269,
        0.5520607375271149,
        0.5900216919739696,
        0.6344902386117137,
        0.6301518438177874,
        0.6117136659436009,
        0.6236442516268981,
        0.6409978308026031,
        0.6355748373101953,
        0.6550976138828634,
        0.6236442516268981,
        0.6496746203904555,
        0.6431670281995662,
        0.665943600867679,
        0.658351409978308,
        0.6681127982646421,
        0.6572668112798264,
        0.658351409978308,
        0.6778741865509761,
        0.6778741865509761,
        0.6778741865509761,
        0.693058568329718,
        0.6800433839479393,
        0.6898047722342733
    ]
}